,TP,TN,FP,FN,TP_rate,TN_rate,FP_rate,FN_rate,Precision,ACC,Sensitivity,Especificity,MG,F1
pca,47,30222,9317,14,0.7704918032786885,0.7643592402438099,0.2356407597561901,0.22950819672131148,0.5019222554463905,76.43686868686869,77.04918032786885,76.435924024381,76.7419396007282,0.9973474801061009
mlp-1camadas,39,35374,4165,22,0.639344262295082,0.8946609676521915,0.10533903234780849,0.36065573770491804,0.9276879162702188,89.42676767676768,63.9344262295082,89.46609676521915,75.63044072116693,1.8288393903868698
mlp-3camadas,38,35000,4539,23,0.6229508196721312,0.8852019525025924,0.11479804749740763,0.3770491803278688,0.8302381472580292,88.47979797979798,62.295081967213115,88.52019525025923,74.2588231718535,1.6386373436826218
ensemble,39,34928,4611,22,0.639344262295082,0.8833809656288728,0.11661903437112724,0.36065573770491804,0.8387096774193549,88.30050505050505,63.9344262295082,88.33809656288727,75.15214912399438,1.6556994268732756
