,TP,TN,FP,FN,TP_rate,TN_rate,FP_rate,FN_rate,Precision,ACC,Sensitivity,Especificity,MG,F1
pca,83,47309,13811,0,1.0,0.7740346858638744,0.22596531413612567,0.0,0.5973801640996114,77.43411270689346,100.0,77.40346858638743,87.9792410665081,1.1876654503827717
mlp-1camadas,83,50659,10461,0,1.0,0.8288448952879581,0.17115510471204187,0.0,0.7871775417298937,82.90770060291162,100.0,82.88448952879581,91.04091911266923,1.5620589065587653
mlp-3camadas,82,50590,10530,1,0.9879518072289156,0.8277159685863874,0.17228403141361257,0.012048192771084338,0.7727101394647569,82.79332712448736,98.79518072289157,82.77159685863874,90.42917046159131,1.5334268349696119
ensemble,83,50118,11002,0,1.0,0.8199934554973822,0.1800065445026178,0.0,0.7487595850248083,82.02375700537556,100.0,81.99934554973822,90.55349002094741,1.4863896848137534
