,TP,TN,FP,FN,TP_rate,TN_rate,FP_rate,FN_rate,Precision,ACC,Sensitivity,Especificity,MG,F1
pca,155,79224,12501,9,0.9451219512195121,0.8637121831561734,0.13628781684382665,0.054878048780487805,1.2247155499367888,86.3857480220701,94.51219512195122,86.37121831561734,90.35006053327399,2.4180967238689544
mlp-1camadas,153,76442,15283,11,0.9329268292682927,0.833382393022622,0.16661760697737804,0.06707317073170732,0.9911894273127754,83.35600561547083,93.29268292682927,83.3382393022622,88.1750981564873,1.9615384615384617
mlp-3camadas,149,81609,10116,15,0.9085365853658537,0.8897138184791497,0.11028618152085037,0.09146341463414634,1.451534339990258,88.97474126391624,90.85365853658537,88.97138184791497,89.90759448421817,2.8574168184869113
ensemble,153,80451,11274,11,0.9329268292682927,0.8770891251022077,0.12291087489779232,0.06707317073170732,1.3389341034392228,87.71887821175548,93.29268292682927,87.70891251022077,90.45772363194331,2.6399792942800446
