,TP,TN,FP,FN,TP_rate,TN_rate,FP_rate,FN_rate,Precision,ACC,Sensitivity,Especificity,MG,F1
pca,154,45296,17539,11,0.9333333333333333,0.7208721254078141,0.2791278745921859,0.06666666666666667,0.870400723449952,72.14285714285714,93.33333333333333,72.08721254078141,82.02523902519027,1.7247172135737485
mlp-1camadas,134,54571,8264,31,0.8121212121212121,0.8684809421500755,0.1315190578499244,0.18787878787878787,1.595618004286735,86.83333333333333,81.21212121212122,86.84809421500756,83.98284321473594,3.1297442485110363
mlp-3camadas,140,53741,9094,25,0.8484848484848485,0.8552717434550807,0.14472825654491922,0.15151515151515152,1.5161360190599957,85.52539682539683,84.84848484848484,85.52717434550807,85.18715370634567,2.9790403234386633
ensemble,140,53681,9154,25,0.8484848484848485,0.8543168616217076,0.14568313837829236,0.15151515151515152,1.5063481816225521,85.43015873015872,84.84848484848484,85.43168616217076,85.13958614482137,2.960143778412094
