,TP,TN,FP,FN,TP_rate,TN_rate,FP_rate,FN_rate,Precision,ACC,Sensitivity,Especificity,MG,F1
pca,135,54281,11376,3,0.9782608695652174,0.8267359154393287,0.17326408456067136,0.021739130434782608,1.1727912431587177,82.70537274868911,97.82608695652173,82.67359154393286,89.9312735114139,2.3177955189286634
mlp-1camadas,132,57988,7669,6,0.9565217391304348,0.8831960034725924,0.11680399652740758,0.043478260869565216,1.69209075759518,88.33497986169162,95.65217391304348,88.31960034725924,91.91279438873859,3.3253558382667836
mlp-3camadas,132,58065,7592,6,0.9565217391304348,0.8843687649450934,0.11563123505490656,0.043478260869565216,1.7089590885551527,88.45201003115739,95.65217391304348,88.43687649450935,91.97379784905675,3.3579241923174763
ensemble,132,57687,7970,6,0.9565217391304348,0.8786115722619066,0.12138842773809343,0.043478260869565216,1.6292273512712911,87.87749829014363,95.65217391304348,87.86115722619066,91.67393681521943,3.203883495145631
