,TP,TN,FP,FN,TP_rate,TN_rate,FP_rate,FN_rate,Precision,ACC,Sensitivity,Especificity,MG,F1
pca,154,33507,21467,9,0.9447852760736196,0.609506312074799,0.390493687925201,0.05521472392638037,0.7122704777762361,61.049748807515826,94.47852760736197,60.9506312074799,75.88495169150487,1.4138817480719794
mlp-1camadas,150,37008,17966,13,0.9202453987730062,0.6731909630006913,0.32680903699930874,0.07975460122699386,0.8279973504084787,67.39213232493607,92.02453987730061,67.31909630006912,78.70837860081701,1.6412276382734285
mlp-3camadas,142,42405,12569,21,0.8711656441717791,0.7713646451049587,0.2286353548950413,0.12883435582822086,1.1171426323656675,77.16596840597059,87.11656441717791,77.13646451049587,81.97477526313793,2.205996582258816
ensemble,150,37257,17717,13,0.9202453987730062,0.6777203769054462,0.32227962309455377,0.07975460122699386,0.8395365758101528,67.84373469720877,92.02453987730061,67.77203769054462,78.97272051170229,1.663893510815308
