,TP,TN,FP,FN,TP_rate,TN_rate,FP_rate,FN_rate,Precision,ACC,Sensitivity,Especificity,MG,F1
pca,156,78251,13474,8,0.9512195121951219,0.853104388116653,0.14689561188334696,0.04878048780487805,1.144534115920763,85.3279500266626,95.1219512195122,85.3104388116653,90.08271420843406,2.2618529795563287
mlp-1camadas,153,75406,16319,11,0.9329268292682927,0.8220877623330608,0.17791223766693923,0.06707317073170732,0.9288489558037882,82.22855836933692,93.29268292682927,82.20877623330608,87.57555192481793,1.839384467420053
mlp-3camadas,148,81448,10277,16,0.9024390243902439,0.887958571817934,0.11204142818206596,0.0975609756097561,1.419664268585132,88.798441598015,90.2439024390244,88.79585718179341,89.51695187227561,2.7953536689016905
ensemble,153,79638,12087,11,0.9329268292682927,0.8682256745707277,0.13177432542927228,0.06707317073170732,1.25,86.83411507362143,93.29268292682927,86.82256745707276,89.99950142454088,2.4669461464043856
