,TP,TN,FP,FN,TP_rate,TN_rate,FP_rate,FN_rate,Precision,ACC,Sensitivity,Especificity,MG,F1
pca,143,37756,17218,20,0.8773006134969326,0.6867973951322444,0.31320260486775564,0.12269938650306748,0.8236852715857381,68.73605745688013,87.73006134969326,68.67973951322443,77.62266267641256,1.632047477744807
mlp-1camadas,131,43451,11523,32,0.803680981595092,0.7903918215883873,0.20960817841161275,0.19631901840490798,1.1240775699330703,79.04311079674265,80.3680981595092,79.03918215883873,79.70087044812547,2.2171447914022173
mlp-3camadas,146,40511,14463,17,0.8957055214723927,0.7369119947611599,0.2630880052388402,0.10429447852760736,0.9993839414059826,73.73814317064766,89.57055214723927,73.69119947611598,81.24383930777803,1.9767126997021391
ensemble,139,41219,13755,24,0.852760736196319,0.749790810201186,0.25020918979881396,0.147239263803681,1.0004318410824817,75.00952173676478,85.2760736196319,74.9790810201186,79.96200118183623,1.977662374617628
