,TP,TN,FP,FN,TP_rate,TN_rate,FP_rate,FN_rate,Precision,ACC,Sensitivity,Especificity,MG,F1
pca,135,53113,12544,3,0.9782608695652174,0.8089464946616507,0.1910535053383493,0.021739130434782608,1.0647527407524253,80.93016186640322,97.82608695652173,80.89464946616506,88.95845666936005,2.10657720215339
mlp-1camadas,133,56018,9639,5,0.9637681159420289,0.853191586578735,0.14680841342126505,0.036231884057971016,1.3610315186246418,85.34235124249562,96.3768115942029,85.31915865787349,90.67959240835712,2.684157416750757
mlp-3camadas,131,57282,8375,7,0.9492753623188406,0.8724431515299207,0.12755684847007936,0.050724637681159424,1.5400893486950389,87.2604301238696,94.92753623188406,87.24431515299206,91.00487837314857,3.0310041647385475
ensemble,133,56000,9657,5,0.9637681159420289,0.8529174345462023,0.14708256545379778,0.036231884057971016,1.3585291113381002,85.31499354054259,96.3768115942029,85.29174345462022,90.66502241474946,2.679290894439968
