,TP,TN,FP,FN,TP_rate,TN_rate,FP_rate,FN_rate,Precision,ACC,Sensitivity,Especificity,MG,F1
pca,153,81785,9940,11,0.9329268292682927,0.8916325974379941,0.108367402562006,0.06707317073170732,1.5159021103735262,89.1706297815843,93.29268292682927,89.1632597437994,91.20460361188353,2.9833284586136295
mlp-1camadas,152,80734,10991,12,0.926829268292683,0.880174434450804,0.11982556554919596,0.07317073170731707,1.364085075832361,88.02577022276877,92.6829268292683,88.0174434450804,90.32006571365882,2.688599982311842
mlp-3camadas,153,80684,11041,11,0.9329268292682927,0.8796293267920414,0.12037067320795858,0.06707317073170732,1.3668036448097194,87.97244501518136,93.29268292682927,87.96293267920414,90.58861952670998,2.6941362916006337
ensemble,153,81279,10446,11,0.9329268292682927,0.8861161079313165,0.11388389206868356,0.06707317073170732,1.4435324087178036,88.61996539302855,93.29268292682927,88.61161079313165,90.92202653570384,2.843073492520673
