,TP,TN,FP,FN,TP_rate,TN_rate,FP_rate,FN_rate,Precision,ACC,Sensitivity,Especificity,MG,F1
pca,83,49471,11649,0,1.0,0.809407722513089,0.190592277486911,0.0,0.7074667575860893,80.96661928336846,100.0,80.9407722513089,89.96708967800888,1.4049936521371138
mlp-1camadas,81,49512,11608,2,0.9759036144578314,0.8100785340314136,0.1899214659685864,0.024096385542168676,0.692959192403114,81.03034164991912,97.59036144578313,81.00785340314137,88.91336060210287,1.3761467889908257
mlp-3camadas,82,49104,12016,1,0.9879518072289156,0.8034031413612566,0.19659685863874346,0.012048192771084338,0.6777979831377087,80.36534156822378,98.79518072289157,80.34031413612566,89.09116597290898,1.3463590838190622
ensemble,82,49616,11504,1,0.9879518072289156,0.8117801047120419,0.18821989528795813,0.012048192771084338,0.7077507336440532,81.2019018675555,98.79518072289157,81.17801047120419,89.55443157782535,1.4054331990744708
