,TP,TN,FP,FN,TP_rate,TN_rate,FP_rate,FN_rate,Precision,ACC,Sensitivity,Especificity,MG,F1
pca,47,33778,5761,14,0.7704918032786885,0.8542957586180733,0.1457042413819267,0.22950819672131148,0.809228650137741,85.41666666666667,77.04918032786885,85.42957586180734,81.1312442645233,1.6016357130686658
mlp-1camadas,50,35190,4349,11,0.819672131147541,0.8900073345304635,0.10999266546953641,0.18032786885245902,1.1366219595362583,88.98989898989899,81.9672131147541,89.00073345304637,85.41160393245917,2.2421524663677133
mlp-3camadas,48,35467,4072,13,0.7868852459016393,0.8970130756974127,0.10298692430258732,0.21311475409836064,1.1650485436893203,89.68434343434343,78.68852459016394,89.70130756974127,84.01466268736336,2.2961014111456586
ensemble,51,35227,4312,10,0.8360655737704918,0.8909431194516806,0.10905688054831938,0.16393442622950818,1.168920467568187,89.08585858585859,83.60655737704919,89.09431194516806,86.30682883533846,2.305605786618445
