,Acurácia,Num_VP,VP_rate,Num_VN,VN_rate,Num_FP,FP_rate,Num_FN,FN_rate,ACC2,Sensibilidade,Especificidade,MG,Precisão,F1
Média,81.50933777755994,82.96,99.95180722891565,49803.2,81.48429319371729,11316.8,18.51570680628272,0.04,0.04819277108433735,81.50933777755994,99.95180722891565,81.48429319371729,90.2452710186159,0.7296248261231553,1.4486469226571137
Desvio Padrão,0.9500774422591365,0.1979486637221574,0.2384923659303089,581.4943451740419,0.9513978160570049,581.4943451740418,0.9513978160570057,0.19794866372215741,0.23849236593031012,0.9500774422591365,0.2384923659303089,0.9513978160570049,0.5274729945233527,0.03793357056972142,0.0747558672280925
Máximo,83.73609136807019,83.0,100.0,51166.0,83.71400523560209,12265.0,20.06708115183246,1.0,1.2048192771084338,83.73609136807019,100.0,83.71400523560209,91.49535793448872,0.826940320812992,1.640316205533597
Mínimo,79.96013267323497,82.0,98.79518072289157,48855.0,79.93291884816755,9954.0,16.285994764397905,0.0,0.0,79.96013267323497,98.79518072289157,79.93291884816755,89.40521173184902,0.6721736313573048,1.3353712492961145
Mediana,81.40532326846724,83.0,100.0,49739.5,81.3800719895288,11380.5,18.619928010471206,0.0,0.0,81.40532326846724,100.0,81.3800719895288,90.14604202687869,0.7240490749272865,1.4376884101725556
