,TP,TN,FP,FN,TP_rate,TN_rate,FP_rate,FN_rate,Precision,ACC,Sensitivity,Especificity,MG,F1
pca,47,34738,4801,14,0.7704918032786885,0.8785755836010015,0.12142441639899845,0.22950819672131148,0.9694719471947195,87.8409090909091,77.04918032786885,87.85755836010016,82.27607706529048,1.9148502750050929
mlp-1camadas,51,35251,4288,10,0.8360655737704918,0.8915501150762538,0.10844988492374617,0.16393442622950818,1.175386033648306,89.14646464646465,83.60655737704919,89.15501150762539,86.3362240607253,2.318181818181818
mlp-3camadas,46,36043,3496,15,0.7540983606557377,0.9115809706871696,0.08841902931283037,0.2459016393442623,1.2987012987012987,91.13383838383838,75.40983606557377,91.15809706871697,82.91089889756115,2.553427699139606
ensemble,49,35469,4070,12,0.8032786885245902,0.8970636586661271,0.10293634133387289,0.19672131147540983,1.1896091284292305,89.6919191919192,80.32786885245902,89.70636586661271,84.8876975336472,2.344497607655503
