,TP,TN,FP,FN,TP_rate,TN_rate,FP_rate,FN_rate,Precision,ACC,Sensitivity,Especificity,MG,F1
pca,133,50438,15219,5,0.9637681159420289,0.7682044564935955,0.2317955435064045,0.036231884057971016,0.8663366336633663,76.86146363705448,96.3768115942029,76.82044564935956,86.04481167932805,1.7172369270497096
mlp-1camadas,133,54192,11465,5,0.9637681159420289,0.8253803859451392,0.17461961405486087,0.036231884057971016,1.1467494395585445,82.5670643665932,96.3768115942029,82.5380385945139,89.18942199038244,2.2665303340149965
mlp-3camadas,130,58685,6972,8,0.9420289855072463,0.8938117793989978,0.10618822060100218,0.057971014492753624,1.8304702900591383,89.39129113154495,94.20289855072464,89.38117793989979,91.76037291672613,3.591160220994475
ensemble,132,54536,11121,6,0.9565217391304348,0.8306197359002087,0.16938026409979134,0.043478260869565216,1.1730205278592376,83.08838057603161,95.65217391304348,83.06197359002087,89.13505675879328,2.317619173031341
