,TP,TN,FP,FN,TP_rate,TN_rate,FP_rate,FN_rate,Precision,ACC,Sensitivity,Especificity,MG,F1
pca,151,79506,12219,13,0.9207317073170732,0.8667865903515944,0.13321340964840556,0.07926829268292683,1.2206952303961196,86.688286954913,92.07317073170732,86.67865903515944,89.33520567021537,2.409446306047551
mlp-1camadas,149,80062,11663,15,0.9085365853658537,0.8728481875170346,0.1271518124829654,0.09146341463414634,1.2614290551981036,87.29118828151357,90.85365853658537,87.28481875170345,89.05136224839578,2.4883099532398125
mlp-3camadas,150,81836,9889,14,0.9146341463414634,0.8921886072499319,0.10781139275006814,0.08536585365853659,1.494172726367168,89.22286671962912,91.46341463414635,89.21886072499319,90.33416657985066,2.940311673037342
ensemble,150,81248,10477,14,0.9146341463414634,0.8857781411828837,0.11422185881711638,0.08536585365853659,1.4114990119506916,88.58296422858014,91.46341463414635,88.57781411828836,90.00905143421605,2.7800945232137892
