,TP,TN,FP,FN,TP_rate,TN_rate,FP_rate,FN_rate,Precision,ACC,Sensitivity,Especificity,MG,F1
pca,83,44990,16130,0,1.0,0.7360929319371727,0.2639070680628272,0.0,0.5119348670819712,73.64508275738118,100.0,73.60929319371728,85.79585840453913,1.018654884634266
mlp-1camadas,82,47953,13167,1,0.9879518072289156,0.784571335078534,0.21542866492146598,0.012048192771084338,0.6189146350667974,78.48471480156202,98.79518072289157,78.4571335078534,88.04082396200305,1.23012301230123
mlp-3camadas,81,52022,9098,2,0.9759036144578314,0.8511452879581152,0.14885471204188483,0.024096385542168676,0.8824490685259833,85.13144780484616,97.59036144578313,85.11452879581152,91.13922113706461,1.7490822716475924
ensemble,82,48826,12294,1,0.9879518072289156,0.7988547120418849,0.20114528795811518,0.012048192771084338,0.6625727213962508,79.911115468196,98.79518072289157,79.88547120418848,88.8386152793432,1.3163175214704228
