,Acurácia,Num_VP,VP_rate,Num_VN,VN_rate,Num_FP,FP_rate,Num_FN,FN_rate,ACC2,Sensibilidade,Especificidade,MG,Precisão,F1
Média,91.95040404040407,14.76,24.196721311475407,36397.6,92.05493310402385,3141.4,7.945066895976124,46.24,75.80327868852463,91.95040404040407,24.196721311475407,92.05493310402385,47.19073622839066,0.46782568570296407,0.9179005177945101
Desvio Padrão,0.12079887296349616,0.4314191105869,0.7072444435850823,47.69460672029995,0.12062673997900868,47.69460672029995,0.12062673997900801,0.4314191105869,0.7072444435850823,0.12079887296349616,0.7072444435850823,0.12062673997900868,0.7064630641311441,0.017219458510691447,0.033612337377023106
Máximo,92.22979797979798,15.0,24.59016393442623,36508.0,92.33415109132756,3231.0,8.171678595816788,47.0,77.04918032786885,92.22979797979798,24.59016393442623,92.33415109132756,47.64988889894524,0.49244911359159554,0.965561635017702
Mínimo,91.72474747474747,14.0,22.950819672131146,36308.0,91.82832140418321,3031.0,7.66584890867245,46.0,75.40983606557377,91.72474747474747,22.950819672131146,91.82832140418321,45.92180590955347,0.43437790878063914,0.8526187576126675
Mediana,91.92297979797979,15.0,24.59016393442623,36386.5,92.02685955638736,3152.5,7.973140443612635,46.0,75.40983606557377,91.92297979797979,24.59016393442623,92.02685955638736,47.56922511882924,0.47326077846010195,0.928648838218765
