,Acurácia,Num_VP,VP_rate,Num_VN,VN_rate,Num_FP,FP_rate,Num_FN,FN_rate,ACC2,Sensibilidade,Especificidade,MG,Precisão,F1
Média,90.97272727272725,15.02,24.622950819672127,36010.18,91.0750904170566,3528.82,8.924909582943423,45.98,75.37704918032792,90.97272727272725,24.622950819672127,91.0750904170566,47.35488169652331,0.4239204309285043,0.8334877208842437
Desvio Padrão,0.14022566525320682,0.14142135623730948,0.23183828891362226,55.56635672778988,0.1405355641968436,55.56635672778988,0.14053556419684338,0.14142135623730953,0.23183828891362226,0.14022566525320682,0.23183828891362226,0.1405355641968436,0.21252036081182935,0.006771846633236478,0.013130932675376133
Máximo,91.27777777777777,16.0,26.229508196721312,36131.0,91.38066213106048,3647.0,9.223804345077012,46.0,75.40983606557377,91.27777777777777,26.229508196721312,91.38066213106048,48.807199463108034,0.43883708173340646,0.8632317237658483
Mínimo,90.67424242424242,15.0,24.59016393442623,35892.0,90.77619565492299,3408.0,8.619337868939528,45.0,73.77049180327869,90.67424242424242,24.59016393442623,90.77619565492299,47.24618008366503,0.4096122337520481,0.8058017727639
Mediana,90.96464646464646,15.0,24.59016393442623,36007.0,91.06704772503099,3532.0,8.932952274969018,46.0,75.40983606557377,90.96464646464646,24.59016393442623,91.06704772503099,47.32312347262064,0.42313130534276977,0.8319470113276453
