,Acurácia,Num_VP,VP_rate,Num_VN,VN_rate,Num_FP,FP_rate,Num_FN,FN_rate,ACC2,Sensibilidade,Especificidade,MG,Precisão,F1
Média,80.61984848484848,22.08,36.196721311475414,31903.38,80.6883836212347,7635.62,19.311616378765265,38.92,63.803278688524614,80.61984848484848,36.196721311475414,80.6883836212347,54.01643711667669,0.28853945445176105,0.572502899519626
Desvio Padrão,1.0130636065915362,1.1752550743544645,1.9266476628761726,402.02502155858866,1.0167809543958843,402.02502155858866,1.016780954395884,1.1752550743544645,1.92664766287617,1.0130636065915362,1.9266476628761726,1.0167809543958843,1.2316572918672541,0.011390106467227198,0.022517607976499786
Máximo,83.32575757575758,24.0,39.34426229508197,32977.0,83.40372796479426,8680.0,21.95300842206429,42.0,68.85245901639344,83.32575757575758,39.34426229508197,83.40372796479426,56.08503305269513,0.31719762791339123,0.6291028446389495
Mínimo,77.98484848484848,19.0,31.147540983606557,30859.0,78.04699157793571,6562.0,16.596272035205747,37.0,60.65573770491803,77.98484848484848,31.147540983606557,78.04699157793571,50.662651104335936,0.26427668620016087,0.5247277974550701
Mediana,80.6919191919192,22.0,36.0655737704918,31931.5,80.75950327524723,7607.5,19.240496724752777,39.0,63.9344262295082,80.6919191919192,36.0655737704918,80.75950327524723,54.18206821699669,0.28759000785115996,0.5708261019752079
