,Acurácia,Num_VP,VP_rate,Num_VN,VN_rate,Num_FP,FP_rate,Num_FN,FN_rate,ACC2,Sensibilidade,Especificidade,MG,Precisão,F1
Média,94.26040404040403,11.72,19.213114754098356,37315.4,94.37618553832925,2223.6,5.623814461670755,49.28,80.78688524590167,94.26040404040403,19.213114754098356,94.37618553832925,42.564399584649564,0.5248564014094296,1.0217912946126972
Desvio Padrão,0.10426451835997984,0.7010196655077312,1.1492125664061175,40.79915965521139,0.10318713082073723,40.79915965521138,0.10318713082073742,0.7010196655077313,1.1492125664061175,0.10426451835997984,1.1492125664061175,0.10318713082073723,1.2829420956467952,0.03859703631741767,0.074743732032754
Máximo,94.44444444444444,13.0,21.311475409836067,37387.0,94.55727256632692,2298.0,5.81198310528845,50.0,81.9672131147541,94.44444444444444,21.311475409836067,94.55727256632692,44.89047771096274,0.6004618937644342,1.168014375561545
Mínimo,94.07070707070707,11.0,18.0327868852459,37241.0,94.18801689471155,2152.0,5.442727433673082,48.0,78.68852459016394,94.07070707070707,18.0327868852459,94.18801689471155,41.21252765611779,0.47639670853183197,0.9282700421940927
Mediana,94.26388888888889,12.0,19.672131147540984,37317.0,94.3802321758264,2222.0,5.619767824173601,49.0,80.32786885245902,94.26388888888889,19.672131147540984,94.3802321758264,43.084362269621266,0.5352373544107247,1.0421207436177835
