,TP,TN,FP,FN,TP_rate,TN_rate,FP_rate,FN_rate,Precision,ACC,Sensitivity,Especificity,MG,F1
pca,45,33068,6471,16,0.7377049180327869,0.8363388047244493,0.16366119527555073,0.26229508196721313,0.6906077348066298,83.61868686868686,73.77049180327869,83.63388047244493,78.54751742651634,1.3684050478941767
mlp-1camadas,47,35579,3960,14,0.7704918032786885,0.899845721945421,0.10015427805457902,0.22950819672131148,1.1729473421512353,89.96464646464646,77.04918032786885,89.9845721945421,83.26606469470866,2.310717797443461
mlp-3camadas,43,35373,4166,18,0.7049180327868853,0.8946356761678342,0.10536432383216571,0.29508196721311475,1.0216203373722974,89.43434343434343,70.49180327868852,89.46356761678342,79.4131488423167,2.0140515222482436
ensemble,47,35383,4156,14,0.7704918032786885,0.8948885910114065,0.10511140898859354,0.22950819672131148,1.1182488698548656,89.46969696969697,77.04918032786885,89.48885910114065,83.03639709319663,2.2045028142589116
