,TP,TN,FP,FN,TP_rate,TN_rate,FP_rate,FN_rate,Precision,ACC,Sensitivity,Especificity,MG,F1
pca,142,51682,11153,23,0.8606060606060606,0.8225033818731599,0.17749661812684014,0.1393939393939394,1.257193448428508,82.26031746031747,86.06060606060606,82.25033818731599,84.13390489624396,2.4781849912739964
mlp-1camadas,130,54452,8383,35,0.7878787878787878,0.8665870931805523,0.13341290681944776,0.21212121212121213,1.5270762363444144,86.63809523809523,78.78787878787878,86.65870931805523,82.6296307970994,2.9960820465545055
mlp-3camadas,130,54669,8166,35,0.7878787878787878,0.8700405824779184,0.12995941752208165,0.21212121212121213,1.56702025072324,86.98253968253968,78.78787878787878,87.00405824779183,82.79411328881159,3.0729228223614227
ensemble,131,54295,8540,34,0.793939393939394,0.8640884857165593,0.13591151428344075,0.20606060606060606,1.51078307000346,86.39047619047619,79.39393939393939,86.40884857165592,82.82716273420294,2.9651425984608424
