,TP,TN,FP,FN,TP_rate,TN_rate,FP_rate,FN_rate,Precision,ACC,Sensitivity,Especificity,MG,F1
pca,153,82314,9411,11,0.9329268292682927,0.8973998364677024,0.10260016353229763,0.06707317073170732,1.5997490589711418,89.74632436961987,93.29268292682927,89.73998364677024,91.49909201853852,3.145559210526316
mlp-1camadas,153,82597,9128,11,0.9329268292682927,0.9004851458162987,0.09951485418370128,0.06707317073170732,1.6485292533132205,90.05430465017575,93.29268292682927,90.04851458162987,91.65624648050976,3.2398094229751195
mlp-3camadas,151,83290,8435,13,0.9207317073170732,0.9080403379667484,0.09195966203325157,0.07926829268292683,1.7586769159096203,90.80629890411257,92.07317073170732,90.80403379667484,91.43640033864503,3.4514285714285715
ensemble,153,83323,8402,11,0.9329268292682927,0.9084001090215318,0.09159989097846825,0.06707317073170732,1.788427819988311,90.84438833810358,93.29268292682927,90.84001090215318,92.05817907260763,3.5095767863287075
