,TP,TN,FP,FN,TP_rate,TN_rate,FP_rate,FN_rate,Precision,ACC,Sensitivity,Especificity,MG,F1
pca,151,78700,13025,13,0.9207317073170732,0.8579994548923412,0.14200054510765875,0.07926829268292683,1.1460230722525804,85.81114170357714,92.07317073170732,85.79994548923412,88.881229907115,2.2638680659670163
mlp-1camadas,149,75694,16031,15,0.9085365853658537,0.8252275824475334,0.1747724175524666,0.09146341463414634,0.9208899876390606,82.53762691943541,90.85365853658537,82.52275824475333,86.5880736537429,1.8232990699951053
mlp-3camadas,143,81807,9918,21,0.8719512195121951,0.8918724448078496,0.10812755519215045,0.12804878048780488,1.4213298876851208,89.18368901609551,87.1951219512195,89.18724448078495,88.18555810899691,2.797066014669927
ensemble,148,79668,12057,16,0.9024390243902439,0.8685527391659853,0.13144726083401473,0.0975609756097561,1.2126177795985251,86.86132181218645,90.2439024390244,86.85527391659853,88.53337712774916,2.3930794728757374
