,TP,TN,FP,FN,TP_rate,TN_rate,FP_rate,FN_rate,Precision,ACC,Sensitivity,Especificity,MG,F1
pca,83,48490,12630,0,1.0,0.793357329842932,0.20664267015706805,0.0,0.6528750098324549,79.36375667859419,100.0,79.33573298429319,89.07060849926489,1.297280400125039
mlp-1camadas,83,47545,13575,0,1.0,0.777895942408377,0.22210405759162305,0.0,0.6077024454532143,77.81971471986667,100.0,77.7895942408377,88.19840941923937,1.208063459719089
mlp-3camadas,82,53408,7712,1,0.9879518072289156,0.8738219895287959,0.1261780104712042,0.012048192771084338,1.0520913523222992,87.39767658448115,98.79518072289157,87.38219895287958,92.9136165344639,2.0820109178621307
ensemble,83,49095,12025,0,1.0,0.803255890052356,0.196744109947644,0.0,0.6854971919392138,80.35227031354673,100.0,80.3255890052356,89.62454407428558,1.3616602411615126
