,TP,TN,FP,FN,TP_rate,TN_rate,FP_rate,FN_rate,Precision,ACC,Sensitivity,Especificity,MG,F1
pca,151,47190,15645,14,0.9151515151515152,0.7510145619479589,0.24898543805204107,0.08484848484848485,0.9559382122056217,75.14444444444445,91.51515151515152,75.1014561947959,82.9030828297432,1.8921120230561994
mlp-1camadas,145,51751,11084,20,0.8787878787878788,0.823601495981539,0.17639850401846105,0.12121212121212122,1.2912993142755365,82.37460317460318,87.87878787878788,82.3601495981539,85.07473253676089,2.545199227663683
mlp-3camadas,133,55668,7167,32,0.806060606060606,0.8859393650035808,0.11406063499641919,0.19393939393939394,1.821917808219178,88.57301587301588,80.60606060606061,88.59393650035808,84.50566972030545,3.5632953784326857
ensemble,145,51816,11019,20,0.8787878787878788,0.8246359513010265,0.1753640486989735,0.12121212121212122,1.29881762809029,82.47777777777777,87.87878787878788,82.46359513010265,85.12814331442061,2.559802277341336
