,TP,TN,FP,FN,TP_rate,TN_rate,FP_rate,FN_rate,Precision,ACC,Sensitivity,Especificity,MG,F1
pca,24,31039,8500,37,0.39344262295081966,0.7850223829636561,0.21497761703634385,0.6065573770491803,0.28155795401220085,78.4419191919192,39.34426229508197,78.50223829636562,55.575288161945124,0.5591147350029121
mlp-1camadas,18,32209,7330,43,0.29508196721311475,0.8146134196616,0.18538658033840005,0.7049180327868853,0.24496461622210125,81.38131313131314,29.508196721311474,81.46134196615999,49.02833164527909,0.485895532460521
mlp-3camadas,15,36081,3458,46,0.2459016393442623,0.9125420470927439,0.08745795290725612,0.7540983606557377,0.43190325367117766,91.15151515151516,24.59016393442623,91.25420470927439,47.37041116041476,0.8488964346349746
ensemble,18,32725,6814,43,0.29508196721311475,0.8276638255899239,0.17233617441007612,0.7049180327868853,0.26346604215456676,82.68434343434343,29.508196721311474,82.76638255899239,49.419497149020756,0.5222689685187872
