,TP,TN,FP,FN,TP_rate,TN_rate,FP_rate,FN_rate,Precision,ACC,Sensitivity,Especificity,MG,F1
pca,132,56500,9157,6,0.9565217391304348,0.8605327687832219,0.1394672312167781,0.043478260869565216,1.4210356335450534,86.07340983357398,95.65217391304348,86.0532768783222,90.7258673463779,2.8004667444574096
mlp-1camadas,131,57599,8058,7,0.9492753623188406,0.8772712734361912,0.12272872656380888,0.050724637681159424,1.599706923922335,87.74222965270917,94.92753623188406,87.72712734361912,91.25634257097153,3.14639125735559
mlp-3camadas,129,59808,5849,9,0.9347826086956522,0.910915820095344,0.08908417990465602,0.06521739130434782,2.1579123452659754,91.09658788661753,93.47826086956522,91.09158200953439,92.27720556079194,4.218443427076521
ensemble,130,57870,7787,8,0.9420289855072463,0.8813987845926557,0.11860121540734422,0.057971014492753624,1.6420361247947455,88.15259518200472,94.20289855072464,88.13987845926557,91.12097469173273,3.227808814400993
