,TP,TN,FP,FN,TP_rate,TN_rate,FP_rate,FN_rate,Precision,ACC,Sensitivity,Especificity,MG,F1
pca,146,37865,17109,17,0.8957055214723927,0.6887801506166551,0.31121984938334485,0.10429447852760736,0.8461315560707041,68.93918784119556,89.57055214723927,68.87801506166551,78.54579453974122,1.676426685038466
mlp-1camadas,72,52318,2656,91,0.44171779141104295,0.9516862516826136,0.0483137483173864,0.558282208588957,2.6392961876832843,95.01786459183488,44.171779141104295,95.16862516826136,64.83646730116455,4.980975441023867
mlp-3camadas,80,51725,3249,83,0.49079754601226994,0.9408993342307272,0.059100665769272746,0.50920245398773,2.4031240612796636,93.95687106661589,49.079754601226995,94.08993342307272,67.95521203594464,4.581901489117985
ensemble,80,51685,3289,83,0.49079754601226994,0.9401717175392004,0.05982828246079965,0.50920245398773,2.3745918670228554,93.88432450078895,49.079754601226995,94.01717175392004,67.92893137672493,4.530011325028313
