,TP,TN,FP,FN,TP_rate,TN_rate,FP_rate,FN_rate,Precision,ACC,Sensitivity,Especificity,MG,F1
pca,46,28595,10944,15,0.7540983606557377,0.7232099951946179,0.276790004805382,0.2459016393442623,0.41856232939035487,72.32575757575758,75.40983606557377,72.3209995194618,73.84927025950259,0.8325038458058095
mlp-1camadas,39,35130,4409,22,0.639344262295082,0.8884898454690305,0.11151015453096942,0.36065573770491804,0.8767985611510791,88.81060606060606,63.9344262295082,88.84898454690305,75.36915050656128,1.729873586161011
mlp-3camadas,47,33721,5818,14,0.7704918032786885,0.8528541440097119,0.14714585599028807,0.22950819672131148,0.8013640238704177,85.27272727272727,77.04918032786885,85.28541440097119,81.06276132428165,1.5862301721228482
ensemble,46,33896,5643,15,0.7540983606557377,0.8572801537722249,0.14271984622777512,0.2459016393442623,0.8085779574617683,85.71212121212122,75.40983606557377,85.72801537722249,80.40357943414793,1.6
