,TP,TN,FP,FN,TP_rate,TN_rate,FP_rate,FN_rate,Precision,ACC,Sensitivity,Especificity,MG,F1
pca,135,54027,11630,3,0.9782608695652174,0.8228673256469227,0.17713267435307736,0.021739130434782608,1.1474713132171697,82.31932517668515,97.82608695652173,82.28673256469226,89.72061666775164,2.2683357136856257
mlp-1camadas,132,58059,7598,6,0.9565217391304348,0.8842773809342492,0.11572261906575079,0.043478260869565216,1.7076326002587323,88.44289079717304,95.65217391304348,88.42773809342492,91.96904578633695,3.3553634977122524
mlp-3camadas,132,57737,7920,6,0.9565217391304348,0.8793731056856086,0.12062689431439146,0.043478260869565216,1.639344262295082,87.95349190667984,95.65217391304348,87.93731056856086,91.71365723789069,3.2234432234432235
ensemble,132,57519,8138,6,0.9565217391304348,0.876052819958268,0.12394718004173204,0.043478260869565216,1.596130592503023,87.62215973858196,95.65217391304348,87.6052819958268,91.54034995107918,3.139866793529971
