,TP,TN,FP,FN,TP_rate,TN_rate,FP_rate,FN_rate,Precision,ACC,Sensitivity,Especificity,MG,F1
pca,154,33261,21713,9,0.9447852760736196,0.6050314694219086,0.39496853057809145,0.05521472392638037,0.7042575570494353,60.60358742768014,94.47852760736197,60.50314694219085,75.60587436641453,1.3980935088515662
mlp-1camadas,148,42222,12752,15,0.9079754601226994,0.7680357987412231,0.23196420125877687,0.09202453987730061,1.1472868217054264,76.84494985218637,90.79754601226993,76.8035798741223,83.50794320019904,2.2659419735129758
mlp-3camadas,150,38049,16925,13,0.9202453987730062,0.6921271873976789,0.3078728126023211,0.07975460122699386,0.8784773060029283,69.28015670058218,92.02453987730061,69.2127187397679,79.80769759668651,1.740341106856944
ensemble,150,38619,16355,13,0.9202453987730062,0.7024957252519373,0.29750427474806274,0.07975460122699386,0.9088155104513783,70.31394526361608,92.02453987730061,70.24957252519373,80.40326229829242,1.7998560115190783
