,TP,TN,FP,FN,TP_rate,TN_rate,FP_rate,FN_rate,Precision,ACC,Sensitivity,Especificity,MG,F1
pca,83,46346,14774,0,1.0,0.7582787958115184,0.24172120418848167,0.0,0.5586592178770949,75.86066042514256,100.0,75.82787958115183,87.07920508430921,1.1111111111111112
mlp-1camadas,82,49869,11251,1,0.9879518072289156,0.815919502617801,0.18408049738219895,0.012048192771084338,0.7235506926674314,81.61528029671749,98.79518072289157,81.5919502617801,89.7824675070013,1.4365802382620885
mlp-3camadas,83,45997,15123,0,1.0,0.7525687172774869,0.24743128272251308,0.0,0.5458371695383402,75.29042693985589,100.0,75.25687172774869,86.75071857209524,1.0857479233435803
ensemble,83,47056,14064,0,1.0,0.7698952879581152,0.23010471204188482,0.0,0.5866968261822294,77.02073427773148,100.0,76.98952879581152,87.74367714873335,1.1665495432185522
