,TP,TN,FP,FN,TP_rate,TN_rate,FP_rate,FN_rate,Precision,ACC,Sensitivity,Especificity,MG,F1
pca,156,42599,20236,9,0.9454545454545454,0.6779501869976924,0.3220498130023076,0.05454545454545454,0.7650058846606512,67.86507936507937,94.54545454545455,67.79501869976923,80.06066986284384,1.5177311864571679
mlp-1camadas,142,53691,9144,23,0.8606060606060606,0.8544760085939365,0.1455239914060635,0.1393939393939394,1.5291837174240792,85.44920634920635,86.06060606060606,85.44760085939365,85.75355570694536,3.0049730187281773
mlp-3camadas,144,50957,11878,21,0.8727272727272727,0.810965226386568,0.18903477361343202,0.12727272727272726,1.1978040259524205,81.1126984126984,87.27272727272727,81.0965226386568,84.1279662360267,2.3631738737999504
ensemble,144,51145,11690,21,0.8727272727272727,0.8139571894644705,0.18604281053552957,0.12727272727272726,1.2168328544870712,81.41111111111111,87.27272727272727,81.39571894644705,84.28301359574675,2.4002000166680557
