,TP,TN,FP,FN,TP_rate,TN_rate,FP_rate,FN_rate,Precision,ACC,Sensitivity,Especificity,MG,F1
pca,81,52580,8540,2,0.9759036144578314,0.8602748691099477,0.13972513089005237,0.024096385542168676,0.9395661756176777,86.04316781857098,97.59036144578313,86.02748691099477,91.62670757981188,1.8612132352941178
mlp-1camadas,80,50881,10239,3,0.963855421686747,0.8324770942408377,0.16752290575916232,0.03614457831325301,0.7752689214071131,83.2655261996961,96.3855421686747,83.24770942408377,89.57608836704472,1.5381657373582003
mlp-3camadas,79,55717,5403,4,0.9518072289156626,0.9116001308900523,0.08839986910994764,0.04819277108433735,1.441079897847501,91.16546574514321,95.18072289156626,91.16001308900523,93.14867655858649,2.8391734052111413
ensemble,80,53360,7760,3,0.963855421686747,0.8730366492146597,0.12696335078534032,0.03614457831325301,1.0204081632653061,87.31598124274954,96.3855421686747,87.30366492146597,91.73227936101776,2.019437081913417
