,TP,TN,FP,FN,TP_rate,TN_rate,FP_rate,FN_rate,Precision,ACC,Sensitivity,Especificity,MG,F1
pca,124,46394,8580,39,0.7607361963190185,0.8439262196674792,0.15607378033252084,0.2392638036809816,1.4246323529411764,84.36802872844007,76.07361963190183,84.39262196674791,80.12522838181033,2.796887335062592
mlp-1camadas,114,48650,6324,49,0.6993865030674846,0.8849638010695965,0.11503619893040347,0.3006134969325153,1.7707362534948743,88.44151839962275,69.93865030674847,88.49638010695965,78.67221480112113,3.4540221178609305
mlp-3camadas,105,49989,4985,58,0.6441717791411042,0.9093207698184597,0.09067923018154037,0.3558282208588957,2.06286836935167,90.85369171336852,64.41717791411043,90.93207698184597,76.53487950626928,3.9977155910908047
ensemble,114,48881,6093,49,0.6993865030674846,0.8891657874631644,0.11083421253683559,0.3006134969325153,1.8366360560657322,88.86047481727334,69.93865030674847,88.91657874631645,78.8587693754543,3.5792778649921506
