,TP,TN,FP,FN,TP_rate,TN_rate,FP_rate,FN_rate,Precision,ACC,Sensitivity,Especificity,MG,F1
pca,17,35131,4408,44,0.2786885245901639,0.8885151369533878,0.1114848630466122,0.7213114754098361,0.384180790960452,88.75757575757575,27.868852459016395,88.85151369533878,49.76132761427966,0.7579135086937137
mlp-1camadas,22,35707,3832,39,0.36065573770491804,0.9030830319431448,0.09691696805685526,0.639344262295082,0.5708354955889985,90.22474747474747,36.0655737704918,90.30830319431448,57.07031427057757,1.1238825031928479
mlp-3camadas,19,36561,2978,42,0.3114754098360656,0.924681959584208,0.075318040415792,0.6885245901639344,0.6339673006339673,92.37373737373737,31.147540983606557,92.4681959584208,53.6670934865591,1.2426422498364944
ensemble,21,36200,3339,40,0.3442622950819672,0.9155517337312526,0.08444826626874731,0.6557377049180327,0.625,91.46717171717172,34.42622950819672,91.55517337312527,56.14177955147086,1.2277111955568547
