,TP,TN,FP,FN,TP_rate,TN_rate,FP_rate,FN_rate,Precision,ACC,Sensitivity,Especificity,MG,F1
pca,142,84923,6802,22,0.8658536585365854,0.9258435541019351,0.07415644589806487,0.13414634146341464,2.044930875576037,92.57364864129548,86.58536585365853,92.58435541019351,89.53463176624314,3.995498030388295
mlp-1camadas,141,85495,6230,23,0.8597560975609756,0.9320795857181794,0.06792041428182066,0.1402439024390244,2.2131533511222727,93.19505055012026,85.97560975609755,93.20795857181794,89.51877497113735,4.31522570772762
mlp-3camadas,138,85911,5814,26,0.8414634146341463,0.9366148814390842,0.06338511856091578,0.15853658536585366,2.318548387096774,93.64450587121418,84.14634146341463,93.66148814390843,88.77652597015091,4.5127534336167425
ensemble,140,85681,6044,24,0.8536585365853658,0.9341073862087762,0.06589261379122377,0.14634146341463414,2.263906856403622,93.39638041550131,85.36585365853658,93.41073862087762,89.29774601436282,4.410838059231254
