,q,L,ACC1,Num_VP,VP_rate,Num_VN,VN_rate,Num_FP,FP_rate,Num_FN,FN_rate,ACC2,Sensibilidade,Especificidade,MG,Precisão,F1
Medição,127.0,11.832582811306734,85.14324796717075,134.0,97.10144927536231,55886.0,85.11811383401617,9771.0,14.881886165983826,4.0,2.898550724637681,85.14324796717075,97.10144927536231,85.11811383401617,90.91255255941412,1.3528520949015648,2.668525341033556
