,q,L,ACC1,Num_VP,VP_rate,Num_VN,VN_rate,Num_FP,FP_rate,Num_FN,FN_rate,ACC2,Sensibilidade,Especificidade,MG,Precisão,F1
Medição,83.0,10.102418628191783,62.67715429454316,170.0,98.83720930232558,44453.0,62.58958365599876,26570.0,37.41041634400124,2.0,1.1627906976744187,62.67715429454316,98.83720930232558,62.58958365599876,78.65227129557903,0.6357516828721017,1.2633769322235435
