,ACC1,Num_VP,VP_rate,Num_VN,VN_rate,Num_FP,FP_rate,Num_FN,FN_rate,ACC2,Sensibilidade,Especificidade,MG,Precisão,F1
Média,76.74887606505975,162.42857142857142,96.76594333326919,54528.119047619046,76.7020690880923,16561.0,23.297930911907713,5.476190476190476,3.234056666730803,76.74887606505975,96.76594333326919,76.7020690880923,85.11167988215001,1.1758168857965383,2.3170593653733897
Desvio Padrão,13.749576554768348,10.6911015133121,1.693791199702734,9803.364786226384,13.784549079833695,9792.043168544253,13.784549079833697,2.9733621869091613,1.6937911997027337,13.749576554768348,1.693791199702734,13.784549079833695,12.946084287996753,0.5465259372224953,1.0545243451903143
Máximo,93.59362572038569,172.0,100.0,66916.0,93.60059308164664,70797.0,99.68179322191403,16.0,9.30232558139535,93.59362572038569,100.0,93.60059308164664,92.13770192872994,3.297400126823082,6.36345094839894
Mínimo,0.5590280216307325,123.0,90.69767441860465,226.0,0.31820677808597214,4575.0,6.3994069183533595,0.0,0.0,0.5590280216307325,90.69767441860465,0.31820677808597214,5.640981989742319,0.2423593399935183,0.4835467592527516
Mediana,78.83418779408666,166.0,97.09302325581395,55958.0,78.78856145192402,15065.0,21.211438548075975,5.0,2.9069767441860463,78.83418779408666,97.09302325581395,78.78856145192402,87.72444398061573,1.1032468659625956,2.1818411648312486
