,ACC1,Num_VP,VP_rate,Num_VN,VN_rate,Num_FP,FP_rate,Num_FN,FN_rate,ACC2,Sensibilidade,Especificidade,MG,Precisão,F1
Média,75.46527524506838,162.66666666666666,96.8744848298416,53588.166666666664,75.41463582596096,17500.95238095238,24.585364174039043,5.238095238095238,3.125515170158388,75.46527524506838,96.8744848298416,75.41463582596096,83.70020482383252,1.152852116560258,2.2734428695482274
Desvio Padrão,17.791225437187435,11.373196274395996,1.5915410880423084,12679.754058006989,17.836456189397158,12815.11321562882,17.836456189397158,2.7032908924577583,1.5915410880423084,17.791225437187435,1.5915410880423084,17.836456189397158,16.97624844985274,0.4943488103669488,0.9582635232820375
Máximo,91.99866039657843,172.0,100.0,65769.0,91.9961953252857,71116.0,99.67756923813413,14.0,8.13953488372093,91.99866039657843,100.0,91.9961953252857,92.50830023113862,2.7201632097925876,5.285761480013215
Mínimo,0.5632418006882506,121.0,91.86046511627907,229.0,0.32243076186587444,5722.0,8.0038046747143,0.0,0.0,0.5632418006882506,91.86046511627907,0.32243076186587444,5.678298705297868,0.24127482886320278,0.48138818919675347
Mediana,77.79970503546598,167.0,97.09302325581395,55221.5,77.75157343395801,15801.5,22.248426566041985,5.0,2.9069767441860463,77.79970503546598,97.09302325581395,77.75157343395801,87.14549169872521,1.0382344846009728,2.0545639495908876
