,TP,TN,FP,FN,TP_rate,TN_rate,FP_rate,FN_rate,Precision,ACC,Sensitivity,Especificity,MG,F1
pca,135,55771,9886,3,0.9782608695652174,0.8494296114656472,0.15057038853435278,0.021739130434782608,1.34717094102385,84.9699825214682,97.82608695652173,84.94296114656473,91.15721311815257,2.6577419037306824
mlp-1camadas,136,57691,7966,2,0.9855072463768116,0.8786724949358027,0.12132750506419726,0.014492753623188406,1.6785978770673908,87.88965726878942,98.55072463768116,87.86724949358027,93.05579567932487,3.300970873786408
mlp-3camadas,137,58661,6996,1,0.9927536231884058,0.8934462433556208,0.10655375664437912,0.007246376811594203,1.9206504976868077,89.36545330192264,99.27536231884058,89.34462433556209,94.17919065352828,3.76839499381103
ensemble,136,57722,7935,2,0.9855072463768116,0.8791446456584979,0.12085535434150205,0.014492753623188406,1.6850452236401934,87.93677331104188,98.55072463768116,87.9144645658498,93.08079387874945,3.3134364721646974
