,TP,TN,FP,FN,TP_rate,TN_rate,FP_rate,FN_rate,Precision,ACC,Sensitivity,Especificity,MG,F1
pca,22,31238,8301,39,0.36065573770491804,0.7900553883507423,0.2099446116492577,0.639344262295082,0.26432776643037365,78.93939393939394,36.0655737704918,79.00553883507423,53.3795849471858,0.5248091603053434
mlp-1camadas,22,34193,5346,39,0.36065573770491804,0.8647917246263184,0.13520827537368169,0.639344262295082,0.4098360655737705,86.40151515151516,36.0655737704918,86.47917246263184,55.84730050828,0.8104623319211641
mlp-3camadas,21,35437,4102,40,0.3442622950819672,0.8962543311666962,0.10374566883330383,0.6557377049180327,0.5093378607809848,89.54040404040404,34.42622950819672,89.62543311666961,55.546968686382904,1.0038240917782026
ensemble,22,34175,5364,39,0.36065573770491804,0.8643364779078884,0.13566352209211158,0.639344262295082,0.4084663943557371,86.35606060606061,36.0655737704918,86.43364779078884,55.83259890647578,0.8077841013401873
