,TP,TN,FP,FN,TP_rate,TN_rate,FP_rate,FN_rate,Precision,ACC,Sensitivity,Especificity,MG,F1
pca,83,48664,12456,0,1.0,0.7962041884816754,0.2037958115183246,0.0,0.6619347635377621,79.64805646782021,100.0,79.62041884816755,89.23027448583106,1.315163999366186
mlp-1camadas,83,48054,13066,0,1.0,0.7862238219895288,0.2137761780104712,0.0,0.6312267092554567,78.65137329869451,100.0,78.62238219895288,88.66926310675694,1.2545344619105199
mlp-3camadas,83,52383,8737,0,1.0,0.8570517015706807,0.14294829842931936,0.0,0.9410430839002267,85.72455598581769,100.0,85.70517015706807,92.57708688280705,1.8645400426822418
ensemble,83,49406,11714,0,1.0,0.8083442408376963,0.19165575916230365,0.0,0.7035687039077732,80.86041533911737,100.0,80.83442408376963,89.90796632321835,1.3973063973063973
