,TP,TN,FP,FN,TP_rate,TN_rate,FP_rate,FN_rate,Precision,ACC,Sensitivity,Especificity,MG,F1
pca,146,38521,16453,17,0.8957055214723927,0.7007130643576963,0.29928693564230363,0.10429447852760736,0.8795710584974998,70.12895152075738,89.57055214723927,70.07130643576964,79.22326430493942,1.7420355566161554
mlp-1camadas,149,39397,15577,14,0.9141104294478528,0.7166478699021356,0.2833521300978644,0.08588957055214724,0.9474755182500318,71.72316230480439,91.41104294478528,71.66478699021356,80.93795723386711,1.8755113600604192
mlp-3camadas,109,48501,6473,54,0.6687116564417178,0.8822534288936589,0.11774657110634118,0.3312883435582822,1.6560316013369796,88.16221412118904,66.87116564417178,88.22534288936588,76.80970979224331,3.2320237212750187
ensemble,149,40176,14798,14,0.9141104294478528,0.730818204969622,0.269181795030378,0.08588957055214724,0.9968555562989229,73.13600667428406,91.41104294478528,73.0818204969622,81.73423659599997,1.9722038385175382
