,TP,TN,FP,FN,TP_rate,TN_rate,FP_rate,FN_rate,Precision,ACC,Sensitivity,Especificity,MG,F1
pca,152,47110,15725,13,0.9212121212121213,0.7497413861701281,0.2502586138298719,0.07878787878787878,0.9573597027146187,75.01904761904763,92.12121212121212,74.97413861701281,83.10660940709228,1.895025557910485
mlp-1camadas,136,53229,9606,29,0.8242424242424242,0.8471234184769635,0.15287658152303651,0.17575757575757575,1.3960172449189079,84.7063492063492,82.42424242424242,84.71234184769635,83.56046075016474,2.7455334611890585
mlp-3camadas,131,54873,7962,34,0.793939393939394,0.873287180711387,0.12671281928861303,0.20606060606060606,1.618682812306932,87.3079365079365,79.39393939393939,87.3287180711387,83.2668658584578,3.1726810365705984
ensemble,136,53147,9688,29,0.8242424242424242,0.8458184133046869,0.15418158669531312,0.17575757575757575,1.3843648208469055,84.57619047619048,82.42424242424242,84.58184133046869,83.49607292867945,2.7229952948243064
