,TP,TN,FP,FN,TP_rate,TN_rate,FP_rate,FN_rate,Precision,ACC,Sensitivity,Especificity,MG,F1
pca,152,34635,20339,11,0.9325153374233128,0.6300251027758577,0.36997489722414234,0.06748466257668712,0.7417890781318628,63.09193463554419,93.25153374233129,63.00251027758577,76.64907509554087,1.471869855718021
mlp-1camadas,145,42143,12831,18,0.8895705521472392,0.7665987557754574,0.2334012442245425,0.11042944785276074,1.1174475955610357,76.69622939224115,88.95705521472392,76.65987557754575,82.579881233298,2.2071694953953878
mlp-3camadas,150,34404,20570,13,0.9202453987730062,0.6258231163822898,0.3741768836177102,0.07975460122699386,0.7239382239382239,62.66935088960226,92.02453987730061,62.58231163822898,75.88878990315932,1.4365752047119666
ensemble,150,36003,18971,13,0.9202453987730062,0.6549095936260778,0.34509040637392224,0.07975460122699386,0.7844777992782804,65.5693998585342,92.02453987730061,65.49095936260778,77.63230900512346,1.5556938394523958
