,TP,TN,FP,FN,TP_rate,TN_rate,FP_rate,FN_rate,Precision,ACC,Sensitivity,Especificity,MG,F1
pca,157,79154,12571,7,0.9573170731707317,0.8629490324339057,0.1370509675660943,0.042682926829268296,1.2335009428032684,86.31174569317328,95.73170731707317,86.29490324339056,90.89091494891782,2.4356189885200124
mlp-1camadas,153,71000,20725,11,0.9329268292682927,0.7740528754429,0.22594712455710003,0.06707317073170732,0.7328288150205958,77.43364276463994,93.29268292682927,77.40528754428999,84.978508740325,1.4542343883661246
mlp-3camadas,150,81573,10152,14,0.9146341463414634,0.8893213409648405,0.11067865903515944,0.08536585365853659,1.4560279557367501,88.93665182992524,91.46341463414635,88.93213409648405,90.1888943006079,2.8664246130326774
ensemble,154,80413,11312,10,0.9390243902439024,0.8766748432815481,0.1233251567184519,0.06097560975609756,1.343101343101343,87.67861223867928,93.90243902439025,87.66748432815481,90.73142014509772,2.648323301805675
