,TP,TN,FP,FN,TP_rate,TN_rate,FP_rate,FN_rate,Precision,ACC,Sensitivity,Especificity,MG,F1
pca,45,28687,10852,16,0.7377049180327869,0.7255368117554819,0.2744631882445181,0.26229508196721313,0.41295769477837935,72.55555555555556,73.77049180327869,72.55368117554819,73.15955674044557,0.8213177587150938
mlp-1camadas,38,35096,4443,23,0.6229508196721312,0.8876299350008852,0.1123700649991148,0.3770491803278688,0.8480249944208882,88.72222222222223,62.295081967213115,88.76299350008853,74.36059410563648,1.6732716864817259
mlp-3camadas,47,32189,7350,14,0.7704918032786885,0.8141075899744556,0.1858924100255444,0.22950819672131148,0.6353927267811275,81.4040404040404,77.04918032786885,81.41075899744555,79.19995107714938,1.2603915258782514
ensemble,44,32610,6929,17,0.7213114754098361,0.824755304888844,0.17524469511115606,0.2786885245901639,0.6310053061809838,82.45959595959596,72.1311475409836,82.47553048888439,77.1301151186397,1.2510662496445835
