,TP,TN,FP,FN,TP_rate,TN_rate,FP_rate,FN_rate,Precision,ACC,Sensitivity,Especificity,MG,F1
pca,136,53093,12564,2,0.9855072463768116,0.80864188129217,0.1913581187078301,0.014492753623188406,1.0708661417322836,80.90128429211946,98.55072463768116,80.864188129217,89.2705121379513,2.118710079451628
mlp-1camadas,136,57954,7703,2,0.9855072463768116,0.882678160744475,0.11732183925552493,0.014492753623188406,1.7349151677509886,88.28938369176988,98.55072463768116,88.26781607444751,93.26766447339809,3.409803184154444
mlp-3camadas,136,59113,6544,2,0.9855072463768116,0.9003305055058867,0.09966949449411334,0.014492753623188406,2.035928143712575,90.05091572307926,98.55072463768116,90.03305055058867,94.19566005449238,3.9894397183924903
ensemble,136,57809,7848,2,0.9855072463768116,0.8804697138157394,0.11953028618426063,0.014492753623188406,1.7034068136272544,88.06900220381488,98.55072463768116,88.04697138157394,93.15091428326019,3.3489288352622504
