,TP,TN,FP,FN,TP_rate,TN_rate,FP_rate,FN_rate,Precision,ACC,Sensitivity,Especificity,MG,F1
pca,156,43310,19525,9,0.9454545454545454,0.6892655367231638,0.3107344632768362,0.05454545454545454,0.7926426502718358,68.99365079365079,94.54545454545455,68.92655367231639,80.72603264871142,1.572105210117908
mlp-1camadas,141,54237,8598,24,0.8545454545454545,0.8631654332776318,0.1368345667223681,0.14545454545454545,1.6134569172674218,86.31428571428572,85.45454545454545,86.31654332776318,85.8844629445954,3.167115902964959
mlp-3camadas,139,52933,9902,26,0.8424242424242424,0.8424126680989894,0.1575873319010106,0.15757575757575756,1.384324270490987,84.24126984126984,84.24242424242425,84.24126680989895,84.2418455241738,2.723887909073094
ensemble,141,52922,9913,24,0.8545454545454545,0.8422376064295377,0.15776239357046232,0.14545454545454545,1.4024268947682514,84.22698412698412,85.45454545454545,84.22376064295376,84.8369211028786,2.759565515216753
