,TP,TN,FP,FN,TP_rate,TN_rate,FP_rate,FN_rate,Precision,ACC,Sensitivity,Especificity,MG,F1
pca,81,53469,7651,2,0.9759036144578314,0.8748200261780105,0.12517997382198953,0.024096385542168676,1.0475944128297983,87.49571099455909,97.59036144578313,87.48200261780104,92.39805330997049,2.0729366602687143
mlp-1camadas,81,55103,6017,2,0.9759036144578314,0.9015543193717277,0.09844568062827225,0.024096385542168676,1.3283043620859298,90.16551476234825,97.59036144578313,90.15543193717278,93.7992600666412,2.620935123766381
mlp-3camadas,78,56830,4290,5,0.9397590361445783,0.9298102094240838,0.07018979057591623,0.060240963855421686,1.7857142857142858,92.98237014525432,93.97590361445783,92.98102094240838,93.47713871347183,3.504830375196585
ensemble,81,55381,5739,2,0.9759036144578314,0.9061027486910995,0.09389725130890052,0.024096385542168676,1.3917525773195876,90.61974086237603,97.59036144578313,90.61027486910994,94.03557558274527,2.7443672708792137
