,TP,TN,FP,FN,TP_rate,TN_rate,FP_rate,FN_rate,Precision,ACC,Sensitivity,Especificity,MG,F1
pca,132,58605,7052,6,0.9565217391304348,0.8925933259210747,0.10740667407892532,0.043478260869565216,1.8374164810690423,89.27274108974846,95.65217391304348,89.25933259210747,92.40048270686931,3.6055722480196666
mlp-1camadas,135,59980,5677,3,0.9782608695652174,0.9135354950728788,0.08646450492712125,0.021739130434782608,2.322780454232622,91.36712516148644,97.82608695652173,91.35354950728788,94.53443963914346,4.537815126050419
mlp-3camadas,133,60640,5017,5,0.9637681159420289,0.9235877362657448,0.07641226373425529,0.036231884057971016,2.5825242718446604,92.36720115510298,96.3768115942029,92.35877362657448,94.34640493882108,5.030257186081695
ensemble,134,60258,5399,4,0.9710144927536232,0.9177696209086617,0.08223037909133832,0.028985507246376812,2.4218326405205133,91.78812979709704,97.10144927536231,91.77696209086616,94.40167386817403,4.7257979192382304
