,TP,TN,FP,FN,TP_rate,TN_rate,FP_rate,FN_rate,Precision,ACC,Sensitivity,Especificity,MG,F1
pca,15,34779,4760,46,0.2459016393442623,0.8796125344596475,0.12038746554035257,0.7540983606557377,0.31413612565445026,87.86363636363636,24.59016393442623,87.96125344596474,46.507866454115984,0.6203473945409429
mlp-1camadas,20,35850,3689,41,0.32786885245901637,0.9066997142062267,0.09330028579377324,0.6721311475409836,0.5392289026691831,90.58080808080808,32.78688524590164,90.66997142062267,54.52326061615479,1.0610079575596818
mlp-3camadas,19,36513,3026,42,0.3114754098360656,0.9234679683350616,0.07653203166493841,0.6885245901639344,0.6239737274220033,92.25252525252525,31.147540983606557,92.34679683350616,53.63185284023312,1.2234385061171924
ensemble,20,36187,3352,41,0.32786885245901637,0.9152229444346088,0.08477705556539113,0.6721311475409836,0.5931198102016607,91.43181818181819,32.78688524590164,91.5222944434609,54.77892811437052,1.1651616661811823
