,TP,TN,FP,FN,TP_rate,TN_rate,FP_rate,FN_rate,Precision,ACC,Sensitivity,Especificity,MG,F1
pca,146,85077,6648,18,0.8902439024390244,0.927522485690924,0.07247751430907605,0.10975609756097561,2.148954960259052,92.74559522902632,89.02439024390245,92.7522485690924,90.86920475394469,4.19660822075309
mlp-1camadas,140,85627,6098,24,0.8536585365853658,0.9335186699373126,0.06648133006268737,0.14634146341463414,2.2443090734209683,93.33761386020089,85.36585365853658,93.35186699373126,89.26960186165296,4.373633239612621
mlp-3camadas,136,86336,5389,28,0.8292682926829268,0.9412482965385663,0.05875170346143363,0.17073170731707318,2.4615384615384617,94.10484388773412,82.92682926829268,94.12482965385664,88.34859183151988,4.781156618034804
ensemble,140,85859,5866,24,0.8536585365853658,0.9360479694739711,0.0639520305260289,0.14634146341463414,2.331002331002331,93.59009239408417,85.36585365853658,93.6047969473971,89.39045473622188,4.53808752025932
