,TP,TN,FP,FN,TP_rate,TN_rate,FP_rate,FN_rate,Precision,ACC,Sensitivity,Especificity,MG,F1
pca,131,46637,8337,32,0.803680981595092,0.8483464910685051,0.1516535089314949,0.19631901840490798,1.5470004723665565,84.82144476485844,80.3680981595092,84.8346491068505,82.57117782099806,3.035569458927123
mlp-1camadas,128,47220,7754,35,0.7852760736196319,0.8589515043475098,0.14104849565249028,0.2147239263803681,1.6239533113422988,85.87336996934907,78.52760736196319,85.89515043475097,82.12880522470107,3.1821006836544434
mlp-3camadas,106,49916,5058,57,0.6503067484662577,0.907992869356423,0.09200713064357696,0.3496932515337423,2.0526723470178156,90.72310789488003,65.03067484662577,90.7992869356423,76.84229893110454,3.9797259245353853
ensemble,129,47613,7361,34,0.7914110429447853,0.8661003383417616,0.13389966165823844,0.2085889570552147,1.7222963951935915,86.58795364274444,79.14110429447852,86.61003383417615,82.7913867538094,3.3712269698157584
