,TP,TN,FP,FN,TP_rate,TN_rate,FP_rate,FN_rate,Precision,ACC,Sensitivity,Especificity,MG,F1
pca,154,82769,8956,10,0.9390243902439024,0.902360316162442,0.09763968383755792,0.06097560975609756,1.690450054884742,90.2425752810456,93.90243902439025,90.2360316162442,92.0509829205931,3.3211127884408027
mlp-1camadas,150,82470,9255,14,0.9146341463414634,0.8991005723630418,0.1008994276369583,0.08536585365853659,1.594896331738437,89.91282960963771,91.46341463414635,89.91005723630417,90.68340997549618,3.135123837391577
mlp-3camadas,152,83271,8454,12,0.926829268292683,0.9078331970564186,0.09216680294358136,0.07317073170731707,1.7662096211945155,90.78671005234577,92.6829268292683,90.78331970564186,91.72820600881757,3.4663625997719496
ensemble,152,83425,8300,12,0.926829268292683,0.9095121286454074,0.09048787135459253,0.07317073170731707,1.7983909133932796,90.95430356190622,92.6829268292683,90.95121286454075,91.81298713666513,3.5283194057567315
