,TP,TN,FP,FN,TP_rate,TN_rate,FP_rate,FN_rate,Precision,ACC,Sensitivity,Especificity,MG,F1
pca,47,33282,6257,14,0.7704918032786885,0.8417511823768937,0.1582488176231063,0.22950819672131148,0.7455583756345178,84.16414141414141,77.04918032786885,84.17511823768938,80.53337112163759,1.4768263943440691
mlp-1camadas,46,35404,4135,15,0.7540983606557377,0.8954197121829081,0.10458028781709199,0.2459016393442623,1.100215259507295,89.52020202020202,75.40983606557377,89.5419712182908,82.17265585679723,2.1687883074021688
mlp-3camadas,48,34408,5131,13,0.7868852459016393,0.8702293937631199,0.12977060623688005,0.21311475409836064,0.9268198493917744,87.01010101010101,78.68852459016394,87.022939376312,82.75087132484632,1.83206106870229
ensemble,48,34963,4576,13,0.7868852459016393,0.8842661675813753,0.11573383241862464,0.21311475409836064,1.0380622837370241,88.41161616161617,78.68852459016394,88.42661675813754,83.41558611673065,2.049092849519744
