,TP,TN,FP,FN,TP_rate,TN_rate,FP_rate,FN_rate,Precision,ACC,Sensitivity,Especificity,MG,F1
pca,136,53030,12627,2,0.9855072463768116,0.8076823491783054,0.19231765082169455,0.014492753623188406,1.0655801927446524,80.80553233528384,98.55072463768116,80.76823491783054,89.21753235131905,2.1083636927369973
mlp-1camadas,137,57464,8193,1,0.9927536231884058,0.8752151331921958,0.12478486680780419,0.007246376811594203,1.6446578631452582,87.54616612204575,99.27536231884058,87.52151331921958,93.21335711934613,3.2357109116674545
mlp-3camadas,137,57257,8400,1,0.9927536231884058,0.8720623848180696,0.12793761518193034,0.007246376811594203,1.60477919643903,87.23155254958583,99.27536231884058,87.20623848180696,93.04531649548302,3.15850144092219
ensemble,137,57066,8591,1,0.9927536231884058,0.8691533271395282,0.13084667286047186,0.007246376811594203,1.569660861594867,86.94125693441751,99.27536231884058,86.91533271395282,92.88999486618698,3.090457929167606
