,TP,TN,FP,FN,TP_rate,TN_rate,FP_rate,FN_rate,Precision,ACC,Sensitivity,Especificity,MG,F1
pca,81,50600,10520,2,0.9759036144578314,0.8278795811518325,0.17212041884816753,0.024096385542168676,0.76407886048486,82.80803228599905,97.59036144578313,82.78795811518324,89.88496401411689,1.5162860351928118
mlp-1camadas,81,53669,7451,2,0.9759036144578314,0.878092277486911,0.12190772251308901,0.024096385542168676,1.0754115772703132,87.82249236148554,97.59036144578313,87.8092277486911,92.57069878892486,2.1273801707156923
mlp-3camadas,82,50925,10195,1,0.9879518072289156,0.8331969895287958,0.1668030104712042,0.012048192771084338,0.7978982193247056,83.34068591408918,98.79518072289157,83.31969895287958,90.72808118673434,1.583011583011583
ensemble,81,51773,9347,2,0.9759036144578314,0.847071335078534,0.15292866492146598,0.024096385542168676,0.859142978362325,84.72460500302273,97.59036144578313,84.7071335078534,90.92084346324346,1.703290926295868
