,TP,TN,FP,FN,TP_rate,TN_rate,FP_rate,FN_rate,Precision,ACC,Sensitivity,Especificity,MG,F1
pca,134,55417,10240,4,0.9710144927536232,0.8440379548258373,0.1559620451741627,0.028985507246376812,1.2916907653749758,84.4304278440611,97.10144927536231,84.40379548258373,90.53027596169228,2.549467275494673
mlp-1camadas,136,57603,8054,2,0.9855072463768116,0.8773321961100873,0.12266780388991273,0.014492753623188406,1.6605616605616607,87.75590850368569,98.55072463768116,87.73321961100872,92.98479643179164,3.2660902977905866
mlp-3camadas,137,58794,6863,1,0.9927536231884058,0.8954719222626681,0.10452807773733189,0.007246376811594203,1.957142857142857,89.56759632190897,99.27536231884058,89.54719222626682,94.2858947716863,3.838610254973382
ensemble,136,57577,8080,2,0.9855072463768116,0.8769361987297623,0.12306380127023775,0.014492753623188406,1.6553067185978578,87.71639182308687,98.55072463768116,87.69361987297623,92.96380900427415,3.2559253052429975
