,TP,TN,FP,FN,TP_rate,TN_rate,FP_rate,FN_rate,Precision,ACC,Sensitivity,Especificity,MG,F1
pca,146,38102,16872,17,0.8957055214723927,0.693091279513952,0.30690872048604795,0.10429447852760736,0.8579151486661182,69.36902624372019,89.57055214723927,69.30912795139521,78.7912232386966,1.6995518305104473
mlp-1camadas,148,42036,12938,15,0.9079754601226994,0.7646523811256231,0.23534761887437697,0.09202453987730061,1.1309796729329054,76.5076083210911,90.79754601226993,76.4652381125623,83.32380197677344,2.234130877802098
mlp-3camadas,143,42340,12634,20,0.8773006134969326,0.7701822679812275,0.2298177320187725,0.12269938650306748,1.1191985599123424,77.04989390064748,87.73006134969326,77.01822679812275,82.19984040157193,2.210200927357032
ensemble,148,41560,13414,15,0.9079754601226994,0.7559937424964529,0.24400625750354712,0.09202453987730061,1.091284471316915,75.6443041877505,90.79754601226993,75.5993742496453,82.85069499968593,2.156648451730419
