,TP,TN,FP,FN,TP_rate,TN_rate,FP_rate,FN_rate,Precision,ACC,Sensitivity,Especificity,MG,F1
pca,154,79217,12508,10,0.9390243902439024,0.8636358680839465,0.13636413191605343,0.06097560975609756,1.2162375612067604,86.37704186572931,93.90243902439025,86.36358680839466,90.0541583948399,2.401372212692968
mlp-1camadas,149,77860,13865,15,0.9085365853658537,0.8488416462251295,0.15115835377487052,0.09146341463414634,1.0632224917939204,84.89481874870768,90.85365853658537,84.88416462251294,87.81820373804676,2.1018479334179716
mlp-3camadas,144,82887,8838,20,0.8780487804878049,0.9036467702371218,0.09635322976287816,0.12195121951219512,1.6032064128256514,90.36010839164645,87.8048780487805,90.36467702371219,89.07558277095067,3.148917559588891
ensemble,150,80898,10827,14,0.9146341463414634,0.8819623875715453,0.11803761242845462,0.08536585365853659,1.3664935774801859,88.20206988867002,91.46341463414635,88.19623875715453,89.81497177318374,2.6927564850552015
