,TP,TN,FP,FN,TP_rate,TN_rate,FP_rate,FN_rate,Precision,ACC,Sensitivity,Especificity,MG,F1
pca,83,48150,12970,0,1.0,0.787794502617801,0.21220549738219896,0.0,0.6358691488546694,78.8082283548192,100.0,78.7794502617801,88.75778853812217,1.263702801461632
mlp-1camadas,83,50734,10386,0,1.0,0.8300719895287958,0.16992801047120418,0.0,0.7928168879549146,83.03024361550905,100.0,83.00719895287958,91.1082866444538,1.5731614859742231
mlp-3camadas,82,53392,7728,1,0.9879518072289156,0.8735602094240837,0.12643979057591623,0.012048192771084338,1.0499359795134442,87.37153407512703,98.79518072289157,87.35602094240838,92.89969793405109,2.077790447231724
ensemble,83,51020,10100,0,1.0,0.8347513089005235,0.16524869109947643,0.0,0.815083963468526,83.49754097021388,100.0,83.47513089005236,91.36472562759238,1.6169881161114357
