,TP,TN,FP,FN,TP_rate,TN_rate,FP_rate,FN_rate,Precision,ACC,Sensitivity,Especificity,MG,F1
pca,27,29158,10381,34,0.4426229508196721,0.7374491008877311,0.2625508991122689,0.5573770491803278,0.25941583397386625,73.69949494949495,44.26229508196721,73.74491008877311,57.13246862461324,0.515808577705607
mlp-1camadas,22,33733,5806,39,0.36065573770491804,0.8531576418219985,0.14684235817800145,0.639344262295082,0.37748798901853126,85.23989898989899,36.0655737704918,85.31576418219986,55.4703703511975,0.7471557140431312
mlp-3camadas,23,34157,5382,38,0.3770491803278688,0.8638812311894585,0.1361187688105415,0.6229508196721312,0.425531914893617,86.31313131313131,37.704918032786885,86.38812311894586,57.07238475135024,0.8415660446395903
ensemble,22,33521,6018,39,0.36065573770491804,0.8477958471382685,0.15220415286173145,0.639344262295082,0.36423841059602646,84.70454545454545,36.0655737704918,84.77958471382685,55.29578977397991,0.7211932470086871
