,q,L,ACC1,Num_VP,VP_rate,Num_VN,VN_rate,Num_FP,FP_rate,Num_FN,FN_rate,ACC2,Sensibilidade,Especificidade,MG,Precisão,F1
Medição,130.0,12.098596524901977,86.07234940229705,133.0,96.3768115942029,54949.0,86.05008064895,8908.0,13.949919351050003,5.0,3.6231884057971016,86.07234940229705,96.3768115942029,86.05008064895,91.06718624383768,1.4710762083840283,2.89791916330755
