,ACC1,Num_VP,VP_rate,Num_VN,VN_rate,Num_FP,FP_rate,Num_FN,FN_rate,ACC2,Sensibilidade,Especificidade,MG,Precisão,F1
Média,71.85748187143508,163.42857142857142,97.32926400102201,51018.92857142857,71.79714796020629,20070.190476190477,28.20285203979369,4.476190476190476,2.6707359989779698,71.85748187143508,97.32926400102201,71.79714796020629,81.90343386855696,1.0044274828297737,1.9834508070637495
Desvio Padrão,17.77347056971149,11.329096700785511,1.4593697273782729,12673.18270109215,17.818644496290986,12794.95881528288,17.818644496290986,2.5011031247996742,1.459369727378273,17.77347056971149,1.4593697273782729,17.818644496290986,16.417415437217343,0.48366200951153876,0.9376309132994801
Máximo,91.89260845903743,172.0,100.0,65695.0,91.89268579261726,71238.0,98.90739619559861,14.0,8.13953488372093,91.89260845903743,100.0,91.89268579261726,92.43078080199554,2.6872690628149143,5.223636957231473
Mínimo,1.3315541821757146,122.0,91.86046511627907,776.0,1.092603804401391,5794.0,8.107314207382748,0.0,0.0,1.3315541821757146,91.86046511627907,1.092603804401391,10.452769032181813,0.2408626242823134,0.4805677404934201
Mediana,75.92387105836085,167.0,97.67441860465117,53886.0,75.87119665460484,17137.0,24.128803345395156,4.0,2.3255813953488373,75.92387105836085,97.67441860465117,75.87119665460484,86.08526047932531,0.9288159854866057,1.8401813896022263
